id	title	description	link	image_link	additional_image_link	condition	availability	price	brand	identifier_exists	item_group_id	google_product_category	shipping
2aaed48a-9353-4f35-bffa-5fa97fcb074d_legacy_xl	101 Roses — XL+	Elegant, vibrant, and impressive, this bouquet of approximately 101 mixed-color roses is designed to make a lasting impression. With its generous size and beautiful blend of colors, it is perfect for birthdays, anniversaries, congratulations, or any occasion that deserves something truly special. — 101 Roses  Price includes VAT.	https://lannabloom.shop/en/catalog/101-mixed-roses	https://cdn.sanity.io/images/moaf1lxq/production/005922ff73faf40b18b76eccc924934e57aec4c0-1108x1477.jpg?w=600	https://cdn.sanity.io/images/moaf1lxq/production/da18831d3f63fbabef3e15dbb747dea6c86697ae-1477x1108.jpg?w=600,https://cdn.sanity.io/images/moaf1lxq/production/8d115937311fee6212f25adcf1151b0d2b02de9d-1108x1477.jpg?w=600,https://cdn.sanity.io/images/moaf1lxq/production/51bec8ae36d19b44297ec3fc29a1b69157818288-1108x1477.jpg?w=600,https://cdn.sanity.io/images/moaf1lxq/production/8604c0655a4777db940e548df5419392713ad8ec-1108x1477.jpg?w=600,https://cdn.sanity.io/images/moaf1lxq/production/5ad1e8d79315981a30c379ded247a3a57965d860-1108x1477.jpg?w=600	new	in_stock	8499.00 THB	Lanna Bloom	no	101-mixed-roses	Home & Garden > Plants > Flowers	TH:TH-50:Standard:350.00 THB
bb91f694-4feb-4c22-90b6-33e3001abe14_legacy_xl	51 Pink Roses — 51 Flowers	A beautiful bouquet of 51 pink roses, arranged in a full and elegant style. Soft in color and graceful in appearance, this bouquet is wrapped neatly with premium paper and finished with a ribbon. It is a lovely choice for expressing affection, admiration, gratitude, and warm feelings. — 51 pink roses, premium wrapping, ribbon. Price includes VAT.	https://lannabloom.shop/en/catalog/51-pink-roses	https://cdn.sanity.io/images/moaf1lxq/production/144bab8be5e02d0dda67db3d75e47ea490a58e18-1024x1536.png?w=600	https://cdn.sanity.io/images/moaf1lxq/production/f1988daca21dc5126b23d11c87a5655ad89eb9e3-1024x1536.png?w=600,https://cdn.sanity.io/images/moaf1lxq/production/f3e2935d55b81a4ea5b91c3b7ebcb056b8eb2e6a-947x930.jpg?w=600	new	in_stock	5700.00 THB	Lanna Bloom	no	51-pink-roses	Home & Garden > Plants > Flowers	TH:TH-50:Standard:350.00 THB
afe1ba0f-cf4e-4820-afdc-325f5a752289_legacy_xl	51 Red & White Roses  — 51 Flowers	A striking bouquet of 51 roses, arranged in a full and elegant style. Rich in color and timeless in character, this bouquet is wrapped neatly with premium paper and finished with a ribbon. It is a meaningful choice for expressing deep love, romance, and heartfelt feelings. — 51 Red premium wrapping, ribbon. Price includes VAT.	https://lannabloom.shop/en/catalog/51-mix-roses	https://cdn.sanity.io/images/moaf1lxq/production/f605d12621d65f452805733ae9e62a2b6b796526-1024x1536.webp?w=600	https://cdn.sanity.io/images/moaf1lxq/production/3ffbb0b725ec5e45005a54997dcbe517617eb396-1024x1536.webp?w=600	new	in_stock	5700.00 THB	Lanna Bloom	no	51-mix-roses	Home & Garden > Plants > Flowers	TH:TH-50:Standard:350.00 THB
2b6319f2-a807-42c4-8aa0-49831220a637_legacy_xl	51 Red Roses  — 51 Flowers	A striking bouquet of 51 red roses, arranged in a full and elegant style. Rich in color and timeless in character, this bouquet is wrapped neatly with premium paper and finished with a ribbon. It is a meaningful choice for expressing deep love, romance, and heartfelt feelings. — 51 Red roses, premium wrapping, ribbon. Price includes VAT.	https://lannabloom.shop/en/catalog/51-red-roses	https://cdn.sanity.io/images/moaf1lxq/production/92e08bff326c316bc2689dc68f4b5feb31090f30-1024x1536.png?w=600	https://cdn.sanity.io/images/moaf1lxq/production/b30ad499b204f398f1b403431bee9970d9593e7f-1024x1536.png?w=600,https://cdn.sanity.io/images/moaf1lxq/production/58cbe78ee66580415fb46f58dfcf3935bfc90ab1-1024x1536.png?w=600	new	in_stock	5700.00 THB	Lanna Bloom	no	51-red-roses	Home & Garden > Plants > Flowers	TH:TH-50:Standard:350.00 THB
99c8eca8-9e73-4c22-88c2-01313fa85781_legacy_s	Classic Red Rose Mini — Red Roses	A timeless bouquet of seven roses with delicate baby’s breath, designed in a clean round shape. Perfect for anniversaries, birthdays, or a simple “I’m thinking of you.” Romantic, elegant, and always in style. — 7 roses, baby’s breath (gypsophila), mixed greenery. Price includes VAT.	https://lannabloom.shop/en/catalog/classic-red-rose-mini	https://cdn.sanity.io/images/moaf1lxq/production/7e258b9693d0082636469ab8022c73aeb41957a8-1488x1994.png?w=600	https://cdn.sanity.io/images/moaf1lxq/production/22fda418194fe6050f6a4437a7f8b44a8f1be167-1488x1994.png?w=600,https://cdn.sanity.io/images/moaf1lxq/production/5e7d98c5fa5e60af6106d10a3d7d8dfc24729472-880x1184.jpg?w=600,https://cdn.sanity.io/images/moaf1lxq/production/30a6090627d4b6c36e3bd856c4f8f0e025c494c1-880x1184.jpg?w=600	new	in_stock	1049.00 THB	Lanna Bloom	no	classic-red-rose-mini	Home & Garden > Plants > Flowers	TH:TH-50:Standard:350.00 THB
f21fed88-0e6a-467a-8ed6-17bda6cd2139_legacy_l	Crimson Rose Bouquet — L +	A bold, romantic rose bouquet arranged in a rounded hand-tied style. Full and eye-catching, balanced with delicate baby’s breath and fresh greenery for a soft finish. Perfect for anniversaries, birthdays, celebrations, or a powerful “I love you.” Classic, elegant, and unforgettable. — Roses (red + optional white mix), baby’s breath (gypsophila), eucalyptus / mixed greenery, seasonal airy filler (optional) Price includes VAT.	https://lannabloom.shop/en/catalog/crimson-rose-bouquet	https://cdn.sanity.io/images/moaf1lxq/production/0d98ffaa3b0fc16d856d3163e8335477e25e675c-1488x1994.png?w=600	https://cdn.sanity.io/images/moaf1lxq/production/9308a64ae41f38aa52fa35f7f8b4d6c8ba31af54-1488x1994.png?w=600,https://cdn.sanity.io/images/moaf1lxq/production/31022d1da3126c38502cf56491015aafe0b1d788-1488x1994.png?w=600	new	in_stock	2230.00 THB	Lanna Bloom	no	crimson-rose-bouquet	Home & Garden > Plants > Flowers	TH:TH-50:Standard:350.00 THB
235fcea7-dc18-4605-8c07-783034fd313d_legacy_m	Elegant Classic Mix — A luxurious extra-large white rose bouquet	A classic and elegant mixed bouquet combining bold red, soft pink, and pure white flowers. A balanced composition that suits both formal and emotional occasions. — Red roses White lilies Pink gerbera daisies Ruscus greenery Price includes VAT.	https://lannabloom.shop/en/catalog/elegant-classic-mix	https://cdn.sanity.io/images/moaf1lxq/production/9f4e4a93f0d886900b93e9ca9b9fd3ef65106f1d-1024x1536.png?w=600	https://cdn.sanity.io/images/moaf1lxq/production/36e37186ca843e6cc51a84170eb382bce6ce8a46-1024x1536.png?w=600,https://cdn.sanity.io/images/moaf1lxq/production/8c83e794ebbcbe0f0361923859fa0b36b32a415e-1024x1536.png?w=600,https://cdn.sanity.io/images/moaf1lxq/production/e1ae2cf652875b91c6b5ccbfe971ee79c1a053a0-1024x1536.png?w=600	new	in_stock	2590.00 THB	Lanna Bloom	no	elegant-classic-mix	Home & Garden > Plants > Flowers	TH:TH-50:Standard:350.00 THB
63620ba7-b719-4654-aaa2-3d273f6d4614_legacy_m	Elegant Mix — L+	A soft pastel bouquet arranged in a full, rounded garden style with a fresh and cheerful feeling. The flowers are gently balanced to create a natural and elegant look, combining soft textures and light colors. Wrapped in light blue and white paper with a simple ribbon, the bouquet feels airy, delicate, and joyful, making it a beautiful gift to brighten someone’s day. — Pink roses, blue hydrangea, white carnations, peach carnations, purple statice, green button chrysanthemums, eucalyptus, and seasonal greenery. Price includes VAT.	https://lannabloom.shop/en/catalog/elegant-mix	https://cdn.sanity.io/images/moaf1lxq/production/d36bd29ce13c022804dceb2a2efe75f5852950be-1024x1536.png?w=600	https://cdn.sanity.io/images/moaf1lxq/production/5b083506f5c9dcbb5d22bf97b0e663aafa5c9af5-1024x1536.png?w=600	new	in_stock	2200.00 THB	Lanna Bloom	no	elegant-mix	Home & Garden > Plants > Flowers	TH:TH-50:Standard:350.00 THB
c6c32e4c-3d67-45c0-8457-95acacee9346_legacy_l	Elegant Mix Bouquet — L+	A striking rose bouquet in a rounded hand-tied style with a modern, dramatic vibe. Rich, romantic, and beautifully textured with delicate baby’s breath and fresh greenery. Perfect for anniversaries, birthdays, celebrations, or a bold “I love you.” Elegant and unforgettable. — Roses, lilies, carnations, baby’s breath (gypsophila), mixed greenery (eucalyptus / seasonal greens). Price includes VAT.	https://lannabloom.shop/en/catalog/elegant-mix-bouquet	https://cdn.sanity.io/images/moaf1lxq/production/80d1950fd8696b838f7496a15c54f562a105dfe3-1488x1994.png?w=600	https://cdn.sanity.io/images/moaf1lxq/production/5e0200524bf307b8d0e9a1a0695df1c676f8fa48-1488x1994.png?w=600,https://cdn.sanity.io/images/moaf1lxq/production/ed9883ce379ee221a3a7ea367fe7ac831cb2be70-1488x1994.png?w=600,https://cdn.sanity.io/images/moaf1lxq/production/87e65903ed2ff0d818a4c1ce96260d2699001a07-1488x1994.png?w=600	new	in_stock	2230.00 THB	Lanna Bloom	no	elegant-mix-bouquet	Home & Garden > Plants > Flowers	TH:TH-50:Standard:350.00 THB
732c36ff-8e00-459d-9e93-8978f02533a4_legacy_s	Gentle Pink Rose Bouquet — 7 Pink Roses	A soft whisper of roses, petals kissed by dawn's gentle light, blooming with slow, tender elegance. Each flower holds its own silent tale—some modestly half-hidden, others softly welcoming—marked by the subtle, honest traces that only real beauty can show. — 7 soft pink Thai roses + baby's breath in lavender, wrap with bow Price includes VAT.	https://lannabloom.shop/en/catalog/gentle-pink-rose-bouquet	https://cdn.sanity.io/images/moaf1lxq/production/3f377a9e2ba3e00f89526d4ed05b9b4fa2c35cee-784x1168.jpg?w=600	https://cdn.sanity.io/images/moaf1lxq/production/552cadc702f362debff45cd7d5913b592f6199e3-760x1024.png?w=600,https://cdn.sanity.io/images/moaf1lxq/production/63c71bd3c9c55d8d49d172d0356d54013371e39f-1488x1994.png?w=600,https://cdn.sanity.io/images/moaf1lxq/production/40d8d916eef01c673cc283b7b3587bc1a02bf1f1-784x1168.webp?w=600	new	in_stock	1049.00 THB	Lanna Bloom	no	gentle-pink-rose-bouquet	Home & Garden > Plants > Flowers	TH:TH-50:Standard:350.00 THB
43ba59b2-3cdd-439e-817a-b2e9aa702103_legacy_s	Gentle Rose Bouquet — Roses	A soft and romantic rounded bouquet, designed in a classic hand-tied style. Balanced, airy, and elegant—perfect for birthdays, anniversaries, congratulations, or simply sending warm feelings. Light texture, clean look, and timeless charm. — Roses, baby’s breath (gypsophila), mixed greenery. Price includes VAT.	https://lannabloom.shop/en/catalog/gentle-rose-bouquet	https://cdn.sanity.io/images/moaf1lxq/production/c0e6b8b5c6ac0cb15b67ce591193f749e56e7e87-1488x1994.png?w=600	https://cdn.sanity.io/images/moaf1lxq/production/94c7c9ab0f72be961400812adaf8db690375dba6-1488x1994.png?w=600,https://cdn.sanity.io/images/moaf1lxq/production/b19fe73bc00bd60aaa4a41d58be084b6cdcbcc47-1488x1994.png?w=600,https://cdn.sanity.io/images/moaf1lxq/production/41ab0fc743b76ed77e9a95e7a9d062c36877139c-1488x1994.png?w=600	new	in_stock	1049.00 THB	Lanna Bloom	no	gentle-rose-bouquet	Home & Garden > Plants > Flowers	TH:TH-50:Standard:350.00 THB
55af5544-3625-4309-97a8-3f08cbb7c423_legacy_m	Pastel Dream Bouquet — M+	A soft, pastel-toned bouquet arranged in a rounded hand-tied style. Light, airy, and beautifully balanced with gentle textures and fresh greenery—perfect for birthdays, anniversaries, get-well wishes, congratulations, or simply brightening someone’s day. Sweet, elegant, and timeless. — Roses, gerbera, hydrangea (seasonal), baby’s breath (gypsophila), eucalyptus / mixed greenery. Price includes VAT.	https://lannabloom.shop/en/catalog/pastel-dream-bouquet	https://cdn.sanity.io/images/moaf1lxq/production/f9f5900e4c04995f9bc0811a9f1bb3321dc05ac8-1488x1994.png?w=600	https://cdn.sanity.io/images/moaf1lxq/production/1aa88883acc955e9bbbe31c49362be6f3cbd291a-1488x1994.png?w=600,https://cdn.sanity.io/images/moaf1lxq/production/96539e2395e6250a3acb454fd2c3c11c24e1a57d-1488x1994.png?w=600,https://cdn.sanity.io/images/moaf1lxq/production/834f3be47b209505e04f97fa1a814c8a2fd94bd5-1488x1994.png?w=600	new	in_stock	1780.00 THB	Lanna Bloom	no	pastel-dream-bouquet	Home & Garden > Plants > Flowers	TH:TH-50:Standard:350.00 THB
77ce6dca-9b2b-4c02-97a6-5efaeb8612a1_legacy_m	Red Rose Romance — Roses	A classic romantic bouquet in a rounded hand-tied style. Lush, elegant, and full of warm feelings—perfect for anniversaries, birthdays, congratulations, or a heartfelt surprise. Timeless and always meaningful. — Roses, baby’s breath (gypsophila), mixed greenery. Price includes VAT.	https://lannabloom.shop/en/catalog/red-rose-romance	https://cdn.sanity.io/images/moaf1lxq/production/87b3150c7a8fceb8e42e104c9dfd994beb70280f-1488x1994.png?w=600	https://cdn.sanity.io/images/moaf1lxq/production/b28582fe4c9d4043b1aa3f3b47d9357497ed26fb-1488x1994.png?w=600,https://cdn.sanity.io/images/moaf1lxq/production/9438722ee13eb2fa1f0d3f7482274f852e44777d-1488x1994.png?w=600	new	in_stock	1350.00 THB	Lanna Bloom	no	red-rose-romance	Home & Garden > Plants > Flowers	TH:TH-50:Standard:350.00 THB
f26941ed-4610-4895-929a-6772ac1632f0_legacy_s	Red Roses Bouquet — 9 Red Roses	A romantic mono bouquet fresh red roses, symbolizing love and passion. Elegantly arranged by a professional florist and wrapped in premium paper. Perfect for a sweet gesture, birthdays, or a simple romantic surprise. — Red Roses, Brown Sugar Color Wrapping Price includes VAT.	https://lannabloom.shop/en/catalog/red-roses	https://cdn.sanity.io/images/moaf1lxq/production/f1846ff09651eea9fba239c00c4d2a889e89cce8-1024x1536.png?w=600	https://cdn.sanity.io/images/moaf1lxq/production/79e6a469eb97df0d971fd4d9eb12065c2f905d41-1024x1536.png?w=600	new	in_stock	1290.00 THB	Lanna Bloom	no	red-roses	Home & Garden > Plants > Flowers	TH:TH-50:Standard:350.00 THB
f26941ed-4610-4895-929a-6772ac1632f0_legacy_m	Red Roses Bouquet — 15 Red Roses	A romantic mono bouquet fresh red roses, symbolizing love and passion. Elegantly arranged by a professional florist and wrapped in premium paper. Perfect for a sweet gesture, birthdays, or a simple romantic surprise. — Red Roses, Brown Sugar Color Wrapping Price includes VAT.	https://lannabloom.shop/en/catalog/red-roses	https://cdn.sanity.io/images/moaf1lxq/production/f1846ff09651eea9fba239c00c4d2a889e89cce8-1024x1536.png?w=600	https://cdn.sanity.io/images/moaf1lxq/production/79e6a469eb97df0d971fd4d9eb12065c2f905d41-1024x1536.png?w=600	new	in_stock	1990.00 THB	Lanna Bloom	no	red-roses	Home & Garden > Plants > Flowers	TH:TH-50:Standard:350.00 THB
f26941ed-4610-4895-929a-6772ac1632f0_legacy_l	Red Roses Bouquet — 21 Red Roses	A romantic mono bouquet fresh red roses, symbolizing love and passion. Elegantly arranged by a professional florist and wrapped in premium paper. Perfect for a sweet gesture, birthdays, or a simple romantic surprise. — Red Roses, Brown Sugar Color Wrapping Price includes VAT.	https://lannabloom.shop/en/catalog/red-roses	https://cdn.sanity.io/images/moaf1lxq/production/f1846ff09651eea9fba239c00c4d2a889e89cce8-1024x1536.png?w=600	https://cdn.sanity.io/images/moaf1lxq/production/79e6a469eb97df0d971fd4d9eb12065c2f905d41-1024x1536.png?w=600	new	in_stock	2690.00 THB	Lanna Bloom	no	red-roses	Home & Garden > Plants > Flowers	TH:TH-50:Standard:350.00 THB
f26941ed-4610-4895-929a-6772ac1632f0_legacy_xl	Red Roses Bouquet — 35 Red Roses	A romantic mono bouquet fresh red roses, symbolizing love and passion. Elegantly arranged by a professional florist and wrapped in premium paper. Perfect for a sweet gesture, birthdays, or a simple romantic surprise. — Red Roses, Brown Sugar Color Wrapping Price includes VAT.	https://lannabloom.shop/en/catalog/red-roses	https://cdn.sanity.io/images/moaf1lxq/production/f1846ff09651eea9fba239c00c4d2a889e89cce8-1024x1536.png?w=600	https://cdn.sanity.io/images/moaf1lxq/production/79e6a469eb97df0d971fd4d9eb12065c2f905d41-1024x1536.png?w=600	new	in_stock	3990.00 THB	Lanna Bloom	no	red-roses	Home & Garden > Plants > Flowers	TH:TH-50:Standard:350.00 THB
87814075-94a5-4f72-9960-03e26ce2c71c_legacy_m	Red Round Rose Bouquet — Size M	A bold and romantic rose bouquet arranged with delicate filler flowers and fresh greenery for a full, elegant look. Wrapped with premium paper and finished with a ribbon — perfect for anniversaries, birthdays, congratulations, or a meaningful “I love you.” — Fresh roses  Filler flowers (seasonal, e.g., baby’s breath)  Greenery / foliage (seasonal)  Premium wrapping + ribbon Price includes VAT.	https://lannabloom.shop/en/catalog/classic-red-rose-bouquet	https://cdn.sanity.io/images/moaf1lxq/production/17f9147dfb5074c466909d43f0ea8dfd95f9c64f-1488x1994.png?w=600	https://cdn.sanity.io/images/moaf1lxq/production/3c93ba3436e5a9c26485139ecc7661c3dfa5a28a-1488x1994.png?w=600,https://cdn.sanity.io/images/moaf1lxq/production/74d63b52543523b32b68aad74e3f600d53d5b5f7-1488x1994.png?w=600,https://cdn.sanity.io/images/moaf1lxq/production/1a520072798c35666431d4080ab199a83ba65994-1488x1994.png?w=600	new	in_stock	1950.00 THB	Lanna Bloom	no	classic-red-rose-bouquet	Home & Garden > Plants > Flowers	TH:TH-50:Standard:350.00 THB
4b7abde4-db59-431b-a031-c899fb600f5a_legacy_l	Rose Cloud Bouquet — M +	A big, premium bouquet featuring fresh roses, delicate baby’s breath, and seasonal greenery for a full, elegant look. Wrapped with quality paper and finished with a ribbon — a perfect choice for big celebrations, anniversaries, birthdays, or heartfelt congratulations. — Fresh roses  Baby’s breath (Gypsophila)  Greenery / foliage (seasonal)  Premium wrapping + ribbon Price includes VAT.	https://lannabloom.shop/en/catalog/rose-cloud-bouquet	https://cdn.sanity.io/images/moaf1lxq/production/3a2ca32535acf0ae1e283742885f5cf3a9dafe7d-1488x1994.png?w=600	https://cdn.sanity.io/images/moaf1lxq/production/1aa88883acc955e9bbbe31c49362be6f3cbd291a-1488x1994.png?w=600,https://cdn.sanity.io/images/moaf1lxq/production/834f3be47b209505e04f97fa1a814c8a2fd94bd5-1488x1994.png?w=600	new	in_stock	1560.00 THB	Lanna Bloom	no	rose-cloud-bouquet	Home & Garden > Plants > Flowers	TH:TH-50:Standard:350.00 THB
32945e6a-fa30-47f4-a051-239f384ab4d3_legacy_l	Rose Whisper — Roses	A rounded hand-tied rose bouquet with a soft, elegant feel. Light and airy with delicate filler and fresh greenery—perfect for birthdays, anniversaries, congratulations, or sending gentle love and care. Clean, romantic, and timeless. — Roses, baby’s breath (gypsophila), eucalyptus or mixed greenery. Price includes VAT.	https://lannabloom.shop/en/catalog/rose-whisper	https://cdn.sanity.io/images/moaf1lxq/production/26200b5c2e67da6efdce226dc639c9470ab37c66-1488x1994.png?w=600	https://cdn.sanity.io/images/moaf1lxq/production/6b2836183ec306441333f96596fb0f4df95a7a77-1488x1994.png?w=600,https://cdn.sanity.io/images/moaf1lxq/production/7865fe17926fa268c1a8abb22b826dcacc1281bc-1488x1994.png?w=600	new	in_stock	1780.00 THB	Lanna Bloom	no	rose-whisper	Home & Garden > Plants > Flowers	TH:TH-50:Standard:350.00 THB
19b57f26-4df6-4efc-b48e-72724021c69c_legacy_m	Rose Whisper Bouquet — Classic Rose	A soft, romantic bouquet featuring fresh roses surrounded by delicate filler flowers and seasonal greenery, arranged in a full, rounded shape. Finished with quality wrapping and a ribbon, it’s a timeless choice for birthdays, anniversaries, congratulations, or a gentle “thinking of you.” — White Roses,  Filler flowers (seasonal, e.g., baby’s breath)  Greenery / foliage (seasonal)  Wrapping + ribbon Price includes VAT.	https://lannabloom.shop/en/catalog/rose-whisper-bouquet	https://cdn.sanity.io/images/moaf1lxq/production/1089f55325f7bcb310232c67dbb2f591516b1f28-1488x1994.png?w=600	https://cdn.sanity.io/images/moaf1lxq/production/289e17888207fcab6bb3a1be7f8763e2d5f2ce4a-1488x1994.png?w=600,https://cdn.sanity.io/images/moaf1lxq/production/1ec8629fea59a9f9294ded6a2528a795f9262f11-1488x1994.png?w=600,https://cdn.sanity.io/images/moaf1lxq/production/d2e7ae182eda0464765a199dab5aaa4152a9390c-1024x1536.webp?w=600	new	in_stock	1049.00 THB	Lanna Bloom	no	rose-whisper-bouquet	Home & Garden > Plants > Flowers	TH:TH-50:Standard:350.00 THB
4fa8cd57-6a6c-456e-bd7a-f963397f9486_legacy_m	Rustic Rose Bouquet — M size	A rustic-style bouquet featuring fresh roses, abundant greenery, and delicate filler flowers for a natural, garden-inspired look. Wrapped in textured paper for a warm, handmade feel and finished with a ribbon. A perfect choice for romantic moments, birthdays, anniversaries, or meaningful congratulations. — Fresh roses  Greenery / foliage (seasonal)  Filler flowers (seasonal, small blooms)  Rustic wrapping (textured paper) + ribbon Price includes VAT.	https://lannabloom.shop/en/catalog/rustic-rose-bouquet	https://cdn.sanity.io/images/moaf1lxq/production/87b3150c7a8fceb8e42e104c9dfd994beb70280f-1488x1994.png?w=600	https://cdn.sanity.io/images/moaf1lxq/production/b28582fe4c9d4043b1aa3f3b47d9357497ed26fb-1488x1994.png?w=600,https://cdn.sanity.io/images/moaf1lxq/production/9438722ee13eb2fa1f0d3f7482274f852e44777d-1488x1994.png?w=600	new	in_stock	1190.00 THB	Lanna Bloom	no	rustic-rose-bouquet	Home & Garden > Plants > Flowers	TH:TH-50:Standard:350.00 THB
4fffc29d-814c-4a87-838f-18a6ba6e3d37_legacy_s	Single Rose Bouquet — Red	A minimalist single-rose bouquet with a bold romantic feel. One deep red rose stands at the center, softened by delicate white baby’s breath and fresh eucalyptus. Wrapped in clean white paper and finished with a bright red ribbon — simple, elegant, and perfect for a meaningful gesture. — 1 × Rose (main flower)  Baby’s breath / Gypsophila (white filler)  Eucalyptus (greenery)  White wrapping paper  Red ribbon bow Price includes VAT.	https://lannabloom.shop/en/catalog/single-rose-bouquet	https://cdn.sanity.io/images/moaf1lxq/production/1574a35fb9c9c386e2951ed65b845698a0b63252-1491x1999.png?w=600	https://cdn.sanity.io/images/moaf1lxq/production/2e0df751d001b18b8782af3da3dca36c01c7728a-1491x1999.png?w=600,https://cdn.sanity.io/images/moaf1lxq/production/1ccedb7fbcebe4f06468f902c4def274dce051ca-1491x1999.png?w=600,https://cdn.sanity.io/images/moaf1lxq/production/16e28318fe71a8a49d61b7abed1f09810c38d060-1108x1477.jpg?w=600	new	in_stock	499.00 THB	Lanna Bloom	no	single-rose-bouquet	Home & Garden > Plants > Flowers	TH:TH-50:Standard:350.00 THB
aa7dbcaf-f13f-48f7-be12-139a9bbd415e_legacy_m	Soft Elegance Mix — M +	A soft mixed bouquet in white and pastel tones — thoughtfully arranged with seasonal blooms and light greenery for a clean, elegant look. Flower types may vary based on daily availability, while the overall style and color palette stay the same. — Mixed seasonal flowers in soft pastel tones, typically featuring roses, hydrangea, and/or lilies, with baby’s breath (gypsophila), assorted filler blooms (e.g., statice / carnations / pom-pom blooms), and mixed greenery (eucalyptus / seasonal greens). Price includes VAT.	https://lannabloom.shop/en/catalog/soft-elegance-mix	https://cdn.sanity.io/images/moaf1lxq/production/5e0200524bf307b8d0e9a1a0695df1c676f8fa48-1488x1994.png?w=600	https://cdn.sanity.io/images/moaf1lxq/production/ed9883ce379ee221a3a7ea367fe7ac831cb2be70-1488x1994.png?w=600,https://cdn.sanity.io/images/moaf1lxq/production/55d4cdf1e62e45b9ebdf716eb3a4d765519ada82-1488x1994.png?w=600,https://cdn.sanity.io/images/moaf1lxq/production/3d52a7effb9450a224ae4228805c2838aa0e1b46-1488x1994.png?w=600,https://cdn.sanity.io/images/moaf1lxq/production/80d1950fd8696b838f7496a15c54f562a105dfe3-1488x1994.png?w=600	new	in_stock	2380.00 THB	Lanna Bloom	no	soft-elegance-mix	Home & Garden > Plants > Flowers	TH:TH-50:Standard:350.00 THB
7b010937-b174-4ff0-afdb-f16a58a03db3_legacy_s	Sunflower Bouquet — 5 Sunflowers	A bright and cheerful mono bouquet of fresh sunflowers, symbolizing happiness and positive energy. Carefully arranged by a professional florist and wrapped in premium paper. Perfect for birthdays, thank-you gifts, or sending warm wishes. — Sunflowers Price includes VAT.	https://lannabloom.shop/en/catalog/sunflower-bouquet	https://cdn.sanity.io/images/moaf1lxq/production/13bf13c2f24264fb4f487e2c6a305df934a17ed1-1024x1536.png?w=600	https://cdn.sanity.io/images/moaf1lxq/production/70c7455995ae22b63e7fb96928a5440358460e70-1024x1536.png?w=600	new	in_stock	890.00 THB	Lanna Bloom	no	sunflower-bouquet	Home & Garden > Plants > Flowers	TH:TH-50:Standard:350.00 THB
7b010937-b174-4ff0-afdb-f16a58a03db3_legacy_m	Sunflower Bouquet — 7 Sunflowers	A bright and cheerful mono bouquet of fresh sunflowers, symbolizing happiness and positive energy. Carefully arranged by a professional florist and wrapped in premium paper. Perfect for birthdays, thank-you gifts, or sending warm wishes. — Sunflowers Price includes VAT.	https://lannabloom.shop/en/catalog/sunflower-bouquet	https://cdn.sanity.io/images/moaf1lxq/production/13bf13c2f24264fb4f487e2c6a305df934a17ed1-1024x1536.png?w=600	https://cdn.sanity.io/images/moaf1lxq/production/70c7455995ae22b63e7fb96928a5440358460e70-1024x1536.png?w=600	new	in_stock	990.00 THB	Lanna Bloom	no	sunflower-bouquet	Home & Garden > Plants > Flowers	TH:TH-50:Standard:350.00 THB
7b010937-b174-4ff0-afdb-f16a58a03db3_legacy_l	Sunflower Bouquet — 9 Sunflowers	A bright and cheerful mono bouquet of fresh sunflowers, symbolizing happiness and positive energy. Carefully arranged by a professional florist and wrapped in premium paper. Perfect for birthdays, thank-you gifts, or sending warm wishes. — Sunflowers Price includes VAT.	https://lannabloom.shop/en/catalog/sunflower-bouquet	https://cdn.sanity.io/images/moaf1lxq/production/13bf13c2f24264fb4f487e2c6a305df934a17ed1-1024x1536.png?w=600	https://cdn.sanity.io/images/moaf1lxq/production/70c7455995ae22b63e7fb96928a5440358460e70-1024x1536.png?w=600	new	in_stock	1290.00 THB	Lanna Bloom	no	sunflower-bouquet	Home & Garden > Plants > Flowers	TH:TH-50:Standard:350.00 THB
7b010937-b174-4ff0-afdb-f16a58a03db3_legacy_xl	Sunflower Bouquet — 15 Sunflowers	A bright and cheerful mono bouquet of fresh sunflowers, symbolizing happiness and positive energy. Carefully arranged by a professional florist and wrapped in premium paper. Perfect for birthdays, thank-you gifts, or sending warm wishes. — Sunflowers Price includes VAT.	https://lannabloom.shop/en/catalog/sunflower-bouquet	https://cdn.sanity.io/images/moaf1lxq/production/13bf13c2f24264fb4f487e2c6a305df934a17ed1-1024x1536.png?w=600	https://cdn.sanity.io/images/moaf1lxq/production/70c7455995ae22b63e7fb96928a5440358460e70-1024x1536.png?w=600	new	in_stock	1390.00 THB	Lanna Bloom	no	sunflower-bouquet	Home & Garden > Plants > Flowers	TH:TH-50:Standard:350.00 THB
162e5b19-f941-4c89-b329-864b7d9efce8_legacy_m	Sweet Harmony Blue — Classic bouquet	A classic bouquet made with fresh roses, soft filler flowers, and seasonal greenery for a clean and elegant look. Wrapped with premium paper and finished with a ribbon, it’s a timeless choice for birthdays, anniversaries, congratulations, or simply to show you care. — Fresh roses  Filler flowers (seasonal, e.g., baby’s breath)  Greenery (seasonal foliage)  Wrapping paper + ribbon Price includes VAT.	https://lannabloom.shop/en/catalog/sweet-harmony-blue1	https://cdn.sanity.io/images/moaf1lxq/production/a95d7b79d45e57adf90faac6b5200293a93003d5-1024x1536.png?w=600	https://cdn.sanity.io/images/moaf1lxq/production/c5c1f7f0a75d8e1494adb36f86d5074bbda46638-761x1021.png?w=600,https://cdn.sanity.io/images/moaf1lxq/production/f643a3d521ff92283b4d6e1c2271c0541966dd6b-1024x1536.png?w=600	new	in_stock	780.00 THB	Lanna Bloom	no	sweet-harmony-blue1	Home & Garden > Plants > Flowers	TH:TH-50:Standard:350.00 THB
e5f22d11-a1b4-4439-b364-dab6d44f1b8e_legacy_m	Sweet Harmony Blue — Classic bouquet	A classic bouquet made with fresh roses, soft filler flowers, and seasonal greenery for a clean and elegant look. Wrapped with premium paper and finished with a ribbon, it’s a timeless choice for birthdays, anniversaries, congratulations, or simply to show you care. — Fresh roses  Filler flowers (seasonal, e.g., baby’s breath)  Greenery (seasonal foliage)  Wrapping paper + ribbon Price includes VAT.	https://lannabloom.shop/en/catalog/sweet-harmony-blue2	https://cdn.sanity.io/images/moaf1lxq/production/c49d810b3a97b569cf427a41034b1063e0baf2a7-1024x1536.png?w=600	https://cdn.sanity.io/images/moaf1lxq/production/0fff4d0ef9d64916580bcff2147cf989b537a937-1024x1536.png?w=600,https://cdn.sanity.io/images/moaf1lxq/production/d2946612ef311b5a62f348cec69fd05c3398fe5e-1024x1536.png?w=600	new	in_stock	780.00 THB	Lanna Bloom	no	sweet-harmony-blue2	Home & Garden > Plants > Flowers	TH:TH-50:Standard:350.00 THB
a004ffe0-dd67-4654-9e44-f7c2d6c3ab4f_legacy_m	Sweet Harmony Pink — Classic bouquet	A classic bouquet made with fresh roses, soft filler flowers, and seasonal greenery for a clean and elegant look. Wrapped with premium paper and finished with a ribbon, it’s a timeless choice for birthdays, anniversaries, congratulations, or simply to show you care. — Fresh roses  Filler flowers (seasonal, e.g., baby’s breath)  Greenery (seasonal foliage)  Wrapping paper + ribbon Price includes VAT.	https://lannabloom.shop/en/catalog/sweet-harmony-pink	https://cdn.sanity.io/images/moaf1lxq/production/4800ca8afd2ee2462b367fa1e1fcbf3e56155a8c-1488x1994.png?w=600	https://cdn.sanity.io/images/moaf1lxq/production/7827bd27b4a5988e824a687f7e976914ccdd8072-1488x1994.png?w=600,https://cdn.sanity.io/images/moaf1lxq/production/f89989688c119ab442ebe95ee62f33211023c506-1488x1994.png?w=600,https://cdn.sanity.io/images/moaf1lxq/production/f380633f164c99bb34e56bea89d1d9804f9d7a03-1488x1994.png?w=600	new	in_stock	780.00 THB	Lanna Bloom	no	sweet-harmony-pink	Home & Garden > Plants > Flowers	TH:TH-50:Standard:350.00 THB
a8d6a0bd-1a61-47e8-b301-d21f0bfb40e8_legacy_m	Sweet Mix Bouquet — M size	A vibrant mixed bouquet made with fresh featured flowers, supporting blooms, and seasonal greenery for a full, balanced look. Wrapped with quality paper and finished with a ribbon. Perfect for birthdays, congratulations, anniversaries, or any moment you want to make special. — Featured flowers (may include roses / gerbera / seasonal blooms)  Supporting flowers (small blooms / filler)  Greenery / foliage (seasonal)  Wrapping + ribbon Price includes VAT.	https://lannabloom.shop/en/catalog/sweet-mix-bouquet	https://cdn.sanity.io/images/moaf1lxq/production/62d975744ac198977175ab3625480b5666d76253-1024x1536.webp?w=600	https://cdn.sanity.io/images/moaf1lxq/production/14f31b500ec06261b3797142a0f50df36e35986f-1488x1994.png?w=600,https://cdn.sanity.io/images/moaf1lxq/production/50fc4e5583a8d989bf4b86d047da738f57be526d-1488x1994.png?w=600,https://cdn.sanity.io/images/moaf1lxq/production/8b7211ca82f74fc4301ff9722ae21ff5c01fe497-1488x1994.png?w=600	new	in_stock	1299.00 THB	Lanna Bloom	no	sweet-mix-bouquet	Home & Garden > Plants > Flowers	TH:TH-50:Standard:350.00 THB
8791f1ee-26aa-4590-877a-b98b1ec4484e_legacy_l	Sweet Rose Bloom — L size	A romantic bouquet featuring fresh roses paired with delicate baby’s breath and seasonal greenery for a soft, elegant look. Wrapped with premium paper and finished with a ribbon — perfect for birthdays, anniversaries, congratulations, or a sweet “I miss you.” — Fresh roses  Baby’s breath (Gypsophila)  Greenery / foliage (seasonal)  Wrapping + ribbon Price includes VAT.	https://lannabloom.shop/en/catalog/sweet-rose-bloom	https://cdn.sanity.io/images/moaf1lxq/production/512947bb32cf001d29e517167e6fa260ac0379f3-1488x1994.png?w=600	https://cdn.sanity.io/images/moaf1lxq/production/6ee7b0e0de5bb12c040dffa9a58c951db7a3d5bf-1488x1994.png?w=600,https://cdn.sanity.io/images/moaf1lxq/production/6a1b56b7cd9966fe72d7d9a1b6854304d80c32bb-1488x1994.png?w=600,https://cdn.sanity.io/images/moaf1lxq/production/5f31dafd36d9856e76a09b6b37b978822c3e28c2-1488x1994.png?w=600	new	in_stock	1430.00 THB	Lanna Bloom	no	sweet-rose-bloom	Home & Garden > Plants > Flowers	TH:TH-50:Standard:350.00 THB
444b07b7-c0b7-4a4b-85ea-61e8dda38373_legacy_l	Universal Flower Bouquet Red — L+ Size	A clean, elegant mono bouquet featuring one main flower type, styled with light seasonal greenery for a refined look. Wrapped with premium paper and finished with a ribbon — perfect for any occasion. — Main flower (single type)  Greenery / foliage (seasonal)  Wrapping + ribbon Price includes VAT.	https://lannabloom.shop/en/catalog/universal-flower-bouquet-red	https://cdn.sanity.io/images/moaf1lxq/production/5e610df9d11eb4110f160a9926be2ebb04ab1c3a-1488x1994.png?w=600	https://cdn.sanity.io/images/moaf1lxq/production/6d27a9fa1d1345de518c34c069265649c6fd2386-1488x1994.png?w=600,https://cdn.sanity.io/images/moaf1lxq/production/cd6a5c77aa8bf8c91dd44c59deab258472070df9-1488x1994.png?w=600	new	in_stock	2599.00 THB	Lanna Bloom	no	universal-flower-bouquet-red	Home & Garden > Plants > Flowers	TH:TH-50:Standard:350.00 THB
9f5c1c9b-2d10-40bd-b03c-4736d4c3a26e_legacy_l	Universal Flower Bouquet White — L+ Size	A clean, elegant mono bouquet featuring one main flower type, styled with light seasonal greenery for a refined look. Wrapped with premium paper and finished with a ribbon — perfect for any occasion. — White Roses,  Greenery / foliage (seasonal)  Wrapping + ribbon Price includes VAT.	https://lannabloom.shop/en/catalog/universal-flower-bouquet-white	https://cdn.sanity.io/images/moaf1lxq/production/acd151139635590f7b885eb10872e594b33d8347-1024x1536.png?w=600	https://cdn.sanity.io/images/moaf1lxq/production/f39aa95187620591360222a848a0f01e365c8119-1024x1536.png?w=600,https://cdn.sanity.io/images/moaf1lxq/production/0e4c470b325ccc21470598708e26797779d76cfb-1108x1477.jpg?w=600,https://cdn.sanity.io/images/moaf1lxq/production/03ac6a047c4cf88b2f84f1f4100672c4f720a89f-1108x1477.jpg?w=600,https://cdn.sanity.io/images/moaf1lxq/production/cd28c86196f13f1da5050f3c0ab09604c6a60000-1488x1994.png?w=600	new	in_stock	2599.00 THB	Lanna Bloom	no	universal-flower-bouquet-white	Home & Garden > Plants > Flowers	TH:TH-50:Standard:350.00 THB
9a4a7f6d-3979-4274-b673-cb6c5eca0fee_legacy_xl	Velvet Rose — Classic	A bold and romantic rose bouquet arranged in a rounded hand-tied style. Rich, full, and beautifully textured with delicate baby’s breath and signature greenery. Perfect for anniversaries, birthdays, celebrations, or a grand romantic gesture—classic, elegant, and unforgettable. — Roses (red + optional mixed tones), baby’s breath (gypsophila), dusty miller / seasonal foliage, eucalyptus / mixed greenery. Price includes VAT.	https://lannabloom.shop/en/catalog/velvet-rose	https://cdn.sanity.io/images/moaf1lxq/production/fe9aa640d5bf3982c634e847ad2bb4cf9d4b711f-1024x1536.png?w=600	https://cdn.sanity.io/images/moaf1lxq/production/e472c4f89900cd6e5286638103b8032eccb18e8f-1024x1536.png?w=600,https://cdn.sanity.io/images/moaf1lxq/production/30742c47afc32b5ece3cbd324ac1696b1c7c21e7-1536x1024.png?w=600	new	in_stock	2980.00 THB	Lanna Bloom	no	velvet-rose	Home & Garden > Plants > Flowers	TH:TH-50:Standard:350.00 THB
61af03af-aa34-47e0-be83-a35890f3325c_legacy_xl	Velvet Rose Bouquet — Classic	A bold and romantic rose bouquet arranged in a rounded hand-tied style. Rich, full, and beautifully textured with delicate baby’s breath and signature greenery. Perfect for anniversaries, birthdays, celebrations, or a grand romantic gesture—classic, elegant, and unforgettable. — Roses (red + optional mixed tones), baby’s breath (gypsophila), dusty miller / seasonal foliage, eucalyptus / mixed greenery. Price includes VAT.	https://lannabloom.shop/en/catalog/velvet-rose-bouquet	https://cdn.sanity.io/images/moaf1lxq/production/e6860a31f7a945e230091be646c7e33482d964cf-1488x1994.png?w=600	https://cdn.sanity.io/images/moaf1lxq/production/ba91ebdc342a62b83ce578c17958fab6c3e01e77-880x1184.jpg?w=600	new	in_stock	2980.00 THB	Lanna Bloom	no	velvet-rose-bouquet	Home & Garden > Plants > Flowers	TH:TH-50:Standard:350.00 THB
bf508636-be94-4a24-bd80-35dfcb4cd179_legacy_m	White Rose Cloud Bouquet  — M +	A big, premium bouquet featuring fresh roses, delicate baby’s breath, and seasonal greenery for a full, elegant look. Wrapped with quality paper and finished with a ribbon — a perfect choice for big celebrations, anniversaries, birthdays, or heartfelt congratulations. — Fresh roses  Baby’s breath (Gypsophila)  Greenery / foliage (seasonal)  Premium wrapping + ribbon Price includes VAT.	https://lannabloom.shop/en/catalog/white-rose-cloud-bouquet	https://cdn.sanity.io/images/moaf1lxq/production/eeae0bace03db38956bea192b8dea61f237a3d61-1488x1994.png?w=600	https://cdn.sanity.io/images/moaf1lxq/production/26200b5c2e67da6efdce226dc639c9470ab37c66-1488x1994.png?w=600,https://cdn.sanity.io/images/moaf1lxq/production/96539e2395e6250a3acb454fd2c3c11c24e1a57d-1488x1994.png?w=600,https://cdn.sanity.io/images/moaf1lxq/production/2d069df11ba13069c5323de87790d6a971421aee-1488x1994.png?w=600	new	in_stock	1560.00 THB	Lanna Bloom	no	white-rose-cloud-bouquet	Home & Garden > Plants > Flowers	TH:TH-50:Standard:350.00 THB
64af8c59-1026-47cc-99c1-f91eaa8b4db1_legacy_s	White Roses Bouquet — 9 White Roses	A delicate mono bouquet of  fresh white roses, symbolizing purity and elegance. Beautifully arranged and wrapped in premium paper. Perfect for birthdays, congratulations, or a gentle romantic gesture. — White roses, Wrapping paper Price includes VAT.	https://lannabloom.shop/en/catalog/white-roses	https://cdn.sanity.io/images/moaf1lxq/production/8d1a608344317641f7e1099be7524cb3c0bf5244-1024x1536.png?w=600	https://cdn.sanity.io/images/moaf1lxq/production/f8eceb4e47e46f108a28d043119b166e82379af5-1024x1536.png?w=600	new	in_stock	1190.00 THB	Lanna Bloom	no	white-roses	Home & Garden > Plants > Flowers	TH:TH-50:Standard:350.00 THB
64af8c59-1026-47cc-99c1-f91eaa8b4db1_legacy_m	White Roses Bouquet — 15 White Roses	A delicate mono bouquet of  fresh white roses, symbolizing purity and elegance. Beautifully arranged and wrapped in premium paper. Perfect for birthdays, congratulations, or a gentle romantic gesture. — White roses, Wrapping paper Price includes VAT.	https://lannabloom.shop/en/catalog/white-roses	https://cdn.sanity.io/images/moaf1lxq/production/8d1a608344317641f7e1099be7524cb3c0bf5244-1024x1536.png?w=600	https://cdn.sanity.io/images/moaf1lxq/production/f8eceb4e47e46f108a28d043119b166e82379af5-1024x1536.png?w=600	new	in_stock	1890.00 THB	Lanna Bloom	no	white-roses	Home & Garden > Plants > Flowers	TH:TH-50:Standard:350.00 THB
64af8c59-1026-47cc-99c1-f91eaa8b4db1_legacy_l	White Roses Bouquet — White Roses	A delicate mono bouquet of  fresh white roses, symbolizing purity and elegance. Beautifully arranged and wrapped in premium paper. Perfect for birthdays, congratulations, or a gentle romantic gesture. — White roses, Wrapping paper Price includes VAT.	https://lannabloom.shop/en/catalog/white-roses	https://cdn.sanity.io/images/moaf1lxq/production/8d1a608344317641f7e1099be7524cb3c0bf5244-1024x1536.png?w=600	https://cdn.sanity.io/images/moaf1lxq/production/f8eceb4e47e46f108a28d043119b166e82379af5-1024x1536.png?w=600	new	in_stock	2590.00 THB	Lanna Bloom	no	white-roses	Home & Garden > Plants > Flowers	TH:TH-50:Standard:350.00 THB
64af8c59-1026-47cc-99c1-f91eaa8b4db1_legacy_xl	White Roses Bouquet — 35 White Roses	A delicate mono bouquet of  fresh white roses, symbolizing purity and elegance. Beautifully arranged and wrapped in premium paper. Perfect for birthdays, congratulations, or a gentle romantic gesture. — White roses, Wrapping paper Price includes VAT.	https://lannabloom.shop/en/catalog/white-roses	https://cdn.sanity.io/images/moaf1lxq/production/8d1a608344317641f7e1099be7524cb3c0bf5244-1024x1536.png?w=600	https://cdn.sanity.io/images/moaf1lxq/production/f8eceb4e47e46f108a28d043119b166e82379af5-1024x1536.png?w=600	new	in_stock	3790.00 THB	Lanna Bloom	no	white-roses	Home & Garden > Plants > Flowers	TH:TH-50:Standard:350.00 THB
54c970b8-99cb-46f2-81cb-4f7fa829c775_legacy_m	White Rustic Rose Bouquet — Lovely gift	A rustic-style bouquet featuring fresh roses, abundant greenery, and delicate filler flowers for a natural, garden-inspired look. Wrapped in textured paper for a warm, handmade feel and finished with a ribbon. A perfect choice for romantic moments, birthdays, anniversaries, or meaningful congratulations. — Fresh roses  Greenery / foliage (seasonal)  Filler flowers (seasonal, small blooms)  Rustic wrapping (textured paper) + ribbon Price includes VAT.	https://lannabloom.shop/en/catalog/white-rustic-rose-bouquet	https://cdn.sanity.io/images/moaf1lxq/production/f293851c98abd8094827fc826a4e99e1bb785bc9-1488x1994.png?w=600	https://cdn.sanity.io/images/moaf1lxq/production/8a632f359a6f707d9d3707ef353fd460317db8b2-1488x1994.png?w=600,https://cdn.sanity.io/images/moaf1lxq/production/2edcb39e676f98173b1447763b9fc6b3215658da-1488x1994.png?w=600,https://cdn.sanity.io/images/moaf1lxq/production/14828fa8d0155a20e0d85132e3698632247fd5e0-1488x1994.png?w=600	new	in_stock	1190.00 THB	Lanna Bloom	no	white-rustic-rose-bouquet	Home & Garden > Plants > Flowers	TH:TH-50:Standard:350.00 THB
98bd0348-8ca8-407b-8a04-38e75fa13dcd_legacy_s	Yellow Lilies Bouquets  — 5 Stems	A bright and cheerful bouquet of yellow lilies, symbolizing happiness and positivity. Fresh, vibrant, and elegantly arranged. Perfect for celebrations, thank-you gifts, or sending warm wishes. — Yellow Lilies, Brown Sugar Wrapping Price includes VAT.	https://lannabloom.shop/en/catalog/yellow-lilies	https://cdn.sanity.io/images/moaf1lxq/production/3abbddd39a0faf3e538658db3c05e58910442fc7-1024x1536.png?w=600	https://cdn.sanity.io/images/moaf1lxq/production/24929e6609fc04f646af1b7bce94b594ced758f2-1024x1536.png?w=600	new	in_stock	1390.00 THB	Lanna Bloom	no	yellow-lilies	Home & Garden > Plants > Flowers	TH:TH-50:Standard:350.00 THB
98bd0348-8ca8-407b-8a04-38e75fa13dcd_legacy_m	Yellow Lilies Bouquets  — 7 Stems	A bright and cheerful bouquet of yellow lilies, symbolizing happiness and positivity. Fresh, vibrant, and elegantly arranged. Perfect for celebrations, thank-you gifts, or sending warm wishes. — Yellow Lilies, Brown Sugar Wrapping Price includes VAT.	https://lannabloom.shop/en/catalog/yellow-lilies	https://cdn.sanity.io/images/moaf1lxq/production/3abbddd39a0faf3e538658db3c05e58910442fc7-1024x1536.png?w=600	https://cdn.sanity.io/images/moaf1lxq/production/24929e6609fc04f646af1b7bce94b594ced758f2-1024x1536.png?w=600	new	in_stock	1990.00 THB	Lanna Bloom	no	yellow-lilies	Home & Garden > Plants > Flowers	TH:TH-50:Standard:350.00 THB
98bd0348-8ca8-407b-8a04-38e75fa13dcd_legacy_l	Yellow Lilies Bouquets  — 10 Stems	A bright and cheerful bouquet of yellow lilies, symbolizing happiness and positivity. Fresh, vibrant, and elegantly arranged. Perfect for celebrations, thank-you gifts, or sending warm wishes. — Yellow Lilies, Brown Sugar Wrapping Price includes VAT.	https://lannabloom.shop/en/catalog/yellow-lilies	https://cdn.sanity.io/images/moaf1lxq/production/3abbddd39a0faf3e538658db3c05e58910442fc7-1024x1536.png?w=600	https://cdn.sanity.io/images/moaf1lxq/production/24929e6609fc04f646af1b7bce94b594ced758f2-1024x1536.png?w=600	new	in_stock	2790.00 THB	Lanna Bloom	no	yellow-lilies	Home & Garden > Plants > Flowers	TH:TH-50:Standard:350.00 THB
98bd0348-8ca8-407b-8a04-38e75fa13dcd_legacy_xl	Yellow Lilies Bouquets  — 15 Stems	A bright and cheerful bouquet of yellow lilies, symbolizing happiness and positivity. Fresh, vibrant, and elegantly arranged. Perfect for celebrations, thank-you gifts, or sending warm wishes. — Yellow Lilies, Brown Sugar Wrapping Price includes VAT.	https://lannabloom.shop/en/catalog/yellow-lilies	https://cdn.sanity.io/images/moaf1lxq/production/3abbddd39a0faf3e538658db3c05e58910442fc7-1024x1536.png?w=600	https://cdn.sanity.io/images/moaf1lxq/production/24929e6609fc04f646af1b7bce94b594ced758f2-1024x1536.png?w=600	new	in_stock	3990.00 THB	Lanna Bloom	no	yellow-lilies	Home & Garden > Plants > Flowers	TH:TH-50:Standard:350.00 THB
27fe5139-4bd3-451b-8a3e-ea10ebc1b6ec_legacy_s	🌷 Tulip Bouquet — 9 Tulips	A fresh and elegant bouquet of tulips, symbolizing perfect love and new beginnings. Ideal for birthdays, small celebrations, or a thoughtful surprise. — Tulips, Brown Sugar Color Wrapping Price includes VAT.	https://lannabloom.shop/en/catalog/pink-tulips	https://cdn.sanity.io/images/moaf1lxq/production/0093d3bd19a788a302e9cc5278252cf9cea2a97b-1024x1536.png?w=600	https://cdn.sanity.io/images/moaf1lxq/production/456ff06fa6dd38c1d80d0633e08e8e53096d978c-1024x1536.png?w=600	new	in_stock	1290.00 THB	Lanna Bloom	no	pink-tulips	Home & Garden > Plants > Flowers	TH:TH-50:Standard:350.00 THB
27fe5139-4bd3-451b-8a3e-ea10ebc1b6ec_legacy_m	🌷 Tulip Bouquet — 15 Tulips	A fresh and elegant bouquet of tulips, symbolizing perfect love and new beginnings. Ideal for birthdays, small celebrations, or a thoughtful surprise. — Tulips, Brown Sugar Color Wrapping Price includes VAT.	https://lannabloom.shop/en/catalog/pink-tulips	https://cdn.sanity.io/images/moaf1lxq/production/0093d3bd19a788a302e9cc5278252cf9cea2a97b-1024x1536.png?w=600	https://cdn.sanity.io/images/moaf1lxq/production/456ff06fa6dd38c1d80d0633e08e8e53096d978c-1024x1536.png?w=600	new	in_stock	1890.00 THB	Lanna Bloom	no	pink-tulips	Home & Garden > Plants > Flowers	TH:TH-50:Standard:350.00 THB
27fe5139-4bd3-451b-8a3e-ea10ebc1b6ec_legacy_l	🌷 Tulip Bouquet — 21 Tulips	A fresh and elegant bouquet of tulips, symbolizing perfect love and new beginnings. Ideal for birthdays, small celebrations, or a thoughtful surprise. — Tulips, Brown Sugar Color Wrapping Price includes VAT.	https://lannabloom.shop/en/catalog/pink-tulips	https://cdn.sanity.io/images/moaf1lxq/production/0093d3bd19a788a302e9cc5278252cf9cea2a97b-1024x1536.png?w=600	https://cdn.sanity.io/images/moaf1lxq/production/456ff06fa6dd38c1d80d0633e08e8e53096d978c-1024x1536.png?w=600	new	in_stock	2690.00 THB	Lanna Bloom	no	pink-tulips	Home & Garden > Plants > Flowers	TH:TH-50:Standard:350.00 THB
27fe5139-4bd3-451b-8a3e-ea10ebc1b6ec_legacy_xl	🌷 Tulip Bouquet — 35 Tulips	A fresh and elegant bouquet of tulips, symbolizing perfect love and new beginnings. Ideal for birthdays, small celebrations, or a thoughtful surprise. — Tulips, Brown Sugar Color Wrapping Price includes VAT.	https://lannabloom.shop/en/catalog/pink-tulips	https://cdn.sanity.io/images/moaf1lxq/production/0093d3bd19a788a302e9cc5278252cf9cea2a97b-1024x1536.png?w=600	https://cdn.sanity.io/images/moaf1lxq/production/456ff06fa6dd38c1d80d0633e08e8e53096d978c-1024x1536.png?w=600	new	in_stock	3990.00 THB	Lanna Bloom	no	pink-tulips	Home & Garden > Plants > Flowers	TH:TH-50:Standard:350.00 THB
a4492005-b815-4fbe-aad7-763ad80e05fa_legacy_m	🌸 Soft Romance Mix — Romance Mix	A soft and romantic mixed bouquet in gentle pink and white tones. Perfect for anniversaries, birthdays, or expressing warm feelings. Elegant, light, and timeless. — Pink roses  White lisianthus  Light pink carnations  Baby’s breath  Eucalyptus greenery Price includes VAT.	https://lannabloom.shop/en/catalog/mixed-soft-romance	https://cdn.sanity.io/images/moaf1lxq/production/0351186a092e21d2541d102724adcba111c9c7b0-1024x1536.png?w=600	https://cdn.sanity.io/images/moaf1lxq/production/0e8f69d5203a009b70cbacb3529454378119c2a2-1024x1536.png?w=600,https://cdn.sanity.io/images/moaf1lxq/production/1146084857a4ae70a142a93889343066c21d13da-1108x1477.jpg?w=600,https://cdn.sanity.io/images/moaf1lxq/production/1f2db5ed112d3a7b8e175ebae943009f633d93a0-1434x960.jpg?w=600,https://cdn.sanity.io/images/moaf1lxq/production/3f8f3ee8e1fbe451ca5e404e49417dc49ce75fa9-1241x960.jpg?w=600	new	in_stock	2390.00 THB	Lanna Bloom	no	mixed-soft-romance	Home & Garden > Plants > Flowers	TH:TH-50:Standard:350.00 THB
173cbb3d-e892-4db2-95a5-15127d35cbcc_fixed_sunny-happiness-mix-size	🌼 Sunny Happiness Mix — Standard (approx. 8–12 stems)	A bright and cheerful mixed bouquet full of sunshine and positive energy. This bouquet brings joy, warmth, and smiles from the first look. — Sunflowers, yellow roses, chrysanthemums, solidago Price includes VAT.	https://lannabloom.shop/en/catalog/sunny-happiness-mix	https://cdn.sanity.io/images/moaf1lxq/production/80bb7918f3a0dc613303175c4208c966365cd5c6-1024x1536.webp?w=600	https://cdn.sanity.io/images/moaf1lxq/production/35b4c5bdfcc96257e9b18c1d386ef1e21556b308-1024x1536.webp?w=600	new	in_stock	2399.00 THB	Lanna Bloom	no	sunny-happiness-mix	Home & Garden > Plants > Flowers	TH:TH-50:Standard:350.00 THB
173cbb3d-e892-4db2-95a5-15127d35cbcc_fixed_Large	🌼 Sunny Happiness Mix — Large (approx. 14–18 stems)	A bright and cheerful mixed bouquet full of sunshine and positive energy. This bouquet brings joy, warmth, and smiles from the first look. — Sunflowers, yellow roses, chrysanthemums, solidago Price includes VAT.	https://lannabloom.shop/en/catalog/sunny-happiness-mix	https://cdn.sanity.io/images/moaf1lxq/production/80bb7918f3a0dc613303175c4208c966365cd5c6-1024x1536.webp?w=600	https://cdn.sanity.io/images/moaf1lxq/production/35b4c5bdfcc96257e9b18c1d386ef1e21556b308-1024x1536.webp?w=600	new	in_stock	3500.00 THB	Lanna Bloom	no	sunny-happiness-mix	Home & Garden > Plants > Flowers	TH:TH-50:Standard:350.00 THB
fa7c7111-fad3-47d1-8864-10fd6954cf42_legacy_s	🌼White Lilies Bouquet — 5 Stems	An elegant bouquet of fresh white lilies with a soft and graceful look. Carefully arranged to highlight the natural beauty of each flower. Ideal for congratulations, housewarmings, or meaningful occasions. — White Lilies, Brown Sugar Wrapping Price includes VAT.	https://lannabloom.shop/en/catalog/white-lilies	https://cdn.sanity.io/images/moaf1lxq/production/9282e4cf75b5ad76964f4a182d20c5d69adcb737-1024x1536.png?w=600	https://cdn.sanity.io/images/moaf1lxq/production/6a5975d0ddbf51aae0b1814edd6b2ef422e4026e-1024x1536.png?w=600	new	in_stock	1390.00 THB	Lanna Bloom	no	white-lilies	Home & Garden > Plants > Flowers	TH:TH-50:Standard:350.00 THB
fa7c7111-fad3-47d1-8864-10fd6954cf42_legacy_m	🌼White Lilies Bouquet — 7 Stems	An elegant bouquet of fresh white lilies with a soft and graceful look. Carefully arranged to highlight the natural beauty of each flower. Ideal for congratulations, housewarmings, or meaningful occasions. — White Lilies, Brown Sugar Wrapping Price includes VAT.	https://lannabloom.shop/en/catalog/white-lilies	https://cdn.sanity.io/images/moaf1lxq/production/9282e4cf75b5ad76964f4a182d20c5d69adcb737-1024x1536.png?w=600	https://cdn.sanity.io/images/moaf1lxq/production/6a5975d0ddbf51aae0b1814edd6b2ef422e4026e-1024x1536.png?w=600	new	in_stock	1990.00 THB	Lanna Bloom	no	white-lilies	Home & Garden > Plants > Flowers	TH:TH-50:Standard:350.00 THB
fa7c7111-fad3-47d1-8864-10fd6954cf42_legacy_l	🌼White Lilies Bouquet — 11 Stems	An elegant bouquet of fresh white lilies with a soft and graceful look. Carefully arranged to highlight the natural beauty of each flower. Ideal for congratulations, housewarmings, or meaningful occasions. — White Lilies, Brown Sugar Wrapping Price includes VAT.	https://lannabloom.shop/en/catalog/white-lilies	https://cdn.sanity.io/images/moaf1lxq/production/9282e4cf75b5ad76964f4a182d20c5d69adcb737-1024x1536.png?w=600	https://cdn.sanity.io/images/moaf1lxq/production/6a5975d0ddbf51aae0b1814edd6b2ef422e4026e-1024x1536.png?w=600	new	in_stock	2790.00 THB	Lanna Bloom	no	white-lilies	Home & Garden > Plants > Flowers	TH:TH-50:Standard:350.00 THB
fa7c7111-fad3-47d1-8864-10fd6954cf42_legacy_xl	🌼White Lilies Bouquet — 15 Stems	An elegant bouquet of fresh white lilies with a soft and graceful look. Carefully arranged to highlight the natural beauty of each flower. Ideal for congratulations, housewarmings, or meaningful occasions. — White Lilies, Brown Sugar Wrapping Price includes VAT.	https://lannabloom.shop/en/catalog/white-lilies	https://cdn.sanity.io/images/moaf1lxq/production/9282e4cf75b5ad76964f4a182d20c5d69adcb737-1024x1536.png?w=600	https://cdn.sanity.io/images/moaf1lxq/production/6a5975d0ddbf51aae0b1814edd6b2ef422e4026e-1024x1536.png?w=600	new	in_stock	3990.00 THB	Lanna Bloom	no	white-lilies	Home & Garden > Plants > Flowers	TH:TH-50:Standard:350.00 THB
