keyword_text,match_type
lazada,BROAD
shopee,BROAD
helium balloons near me,PHRASE
posie flowers,BROAD
onlyfans,BROAD
message ideas,BROAD
lotus flower shop,BROAD
factory,BROAD
class,BROAD
vacancy,BROAD
clipart,BROAD
background,BROAD
dropship,BROAD
definition,BROAD
drawing,BROAD
quote,BROAD
course,BROAD
career,BROAD
actress,BROAD
printable,BROAD
do it yourself,BROAD
cheapest,BROAD
import,BROAD
diy,BROAD
salary,BROAD
quotes,BROAD
poems,BROAD
poem,BROAD
certificate,BROAD
amazon,BROAD
internship,BROAD
nursery,BROAD
supplier,BROAD
step by step,BROAD
symbolism,BROAD
gumby,BROAD
bloom porn,BROAD
balloons image,PHRASE
mn florist,BROAD
plant market,PHRASE
kiss me flower,BROAD
digibouquet,BROAD
leak,BROAD
leaked,BROAD
yingyai flower,BROAD
gaysorn flowers,BROAD
lana bloom porn,BROAD
promo code,BROAD
vector,BROAD
lana,BROAD
svg,BROAD
dried flowers,PHRASE
party balloons,PHRASE
decorations,PHRASE
artificial flowers,PHRASE
wire flower,PHRASE
flower market,PHRASE
flower market thailand,PHRASE
chiang mai flower market,PHRASE
flower market chiang mai,PHRASE
fake flowers,PHRASE
jobs,BROAD
xxx,BROAD
adult,BROAD
school,BROAD
picture,BROAD
tutorial,BROAD
bulk,BROAD
meaning,BROAD
lotus,BROAD
photos,BROAD
morning flower,BROAD
flower castle,BROAD
flowers castle,BROAD
blooming house,EXACT
aliexpress,BROAD
what does it mean,BROAD
floweradvisor,BROAD
balloon decoration,PHRASE
bulk order,BROAD
anemone flower shop,BROAD
flower studio,BROAD
iris florist,BROAD
card message ideas,BROAD
posie flower,BROAD
rose bay florist,BROAD
black and purple roses,EXACT
velvet flower,PHRASE
make,BROAD
hiring,BROAD
template,BROAD
image,BROAD
tattoo,BROAD
reseller,BROAD
careers,BROAD
workshop,BROAD
coupon,BROAD
logo,BROAD
funeral,BROAD
dior,BROAD
seeds,BROAD
icons,BROAD
png,BROAD
sketch,BROAD
black red roses,EXACT
flowersadvisor,BROAD
lana bloom,BROAD
arrangement tutorial,BROAD
sexvideo,BROAD
sex video,BROAD
floralnest cnx,EXACT
lana bloom leaked,BROAD
lana bloom actress,BROAD
lana bloom onlyfans,BROAD
lana bloom nude,BROAD
discount code,BROAD
1 800 flowers,BROAD
birthday card,PHRASE
wreath,PHRASE
blume 2000,BROAD
coloring page,BROAD
cake,PHRASE
flower farm,PHRASE
paper flower,PHRASE
sunflower florist,BROAD
porn,BROAD
nude,BROAD
free,BROAD
download,BROAD
guide,BROAD
cheap,BROAD
how to,BROAD
wholesale,BROAD
model,BROAD
training,BROAD
images,BROAD
wallpaper,BROAD
